9999/99/99,網址,標題,☯上階層,[下階層],作者來源(用來快速標記)
2026/02/03,https://www.youtube.com/shorts/haI4XEhNuhc掉窩的燕子不能撿？爲什麼會有這種說法？燕子爲何會將幼崽踢出巢 #漲知識#科普#保護動物 #內容啓發搜,學術領域,生物學,好奇貓科普
2026/01/28,https://www.youtube.com/watch?v=2Y-n0XxgtJw,【館長精華】2/1 ，政壇洗牌在即，黃國昌真的站得住腳嗎？軍購關鍵案為何屢遭封殺？黃國昌推的全被退，這是在演哪一齣？,系列主題,陳之漢-義士,館長惡名昭彰
2026/01/27,https://www.youtube.com/watch?v=FsLhEu52R68,【館長精華】從夥伴翻臉到各種抹黑說法，現在連不存在的事都能被拿來講？,系列主題,陳之漢-義士,館長惡名昭彰
2026/01/26,https://www.youtube.com/watch?v=KNuife8fEc8,【國昌直播】看看(我在)立法院做什麼_0126,系列主題,黃國昌-通識課,黃國昌
2026/01/22,https://www.youtube.com/watch?v=ySITIfpNKE8,土城十講｜第七講 把困境走完｜柯文哲閱讀《黃仁勳傳》 、《輝達之道》,系列主題,柯文哲-先行者,柯文哲
2026/01/15,https://www.youtube.com/watch?v=c_P4UOr-uGg,土城十講｜第六講 文化醫國｜柯文哲 ft 陳琬惠 閱讀 《蔣渭水傳》,系列主題,柯文哲-先行者,柯文哲
2026/01/08,https://www.youtube.com/watch?v=twN6b2sOEsY,土城十講｜第五講 理性與遠見｜柯文哲閱讀《張忠謀自傳》 下集,系列主題,柯文哲-先行者,柯文哲
2026/01/02,https://www.youtube.com/watch?v=2H7o6p_TRDs,「你可以回應我的心意嗎？」- 賽博煙火倒數新年！| w/ Vedal【Neuro-sama】,休閒牧場,ACG同好會|VTuber,文化綠洲【精華剪輯】
2026/01/01,https://www.youtube.com/watch?v=qHJjEU8O_LY,土城十講｜第四講 把事情做到對｜柯文哲閱讀《張忠謀自傳》上集,系列主題,柯文哲-先行者
2025/12/30,https://www.youtube.com/shorts/-rT2AIA4X28,【国漫】咏师-罗小黑 #国漫 #罗小黑 #donghua,休閒牧場,ACG同好會,次元国风馆ChineseGameAnim
2025/12/20,https://www.youtube.com/watch?v=8uZGlzWA4oo,什麼事把烏龜惹哭了！？Vedal 第一次跟 Neuro 3D 互動 | w/ Vedal【Neuro-sama】,休閒牧場,ACG同好會|VTuber,文化綠洲【精華剪輯】
2025/12/15,https://www.youtube.com/watch?v=_XXrYWHw4VE,【國昌直播】看看(我在)立法院做什麼_1215,系列主題,黃國昌-通識課,黃國昌
2025/12/08,https://www.youtube.com/live/bpfvi73aIGw?si=z4B3iJzm-LLdE5iQ,【國昌直播】看看(我在)立法院做什麼_1208,系列主題,黃國昌-通識課,黃國昌
2025/11/17,https://www.youtube.com/watch?v=wUTB1UZy9tk,【國昌直播】看看(我在)立法院做什麼_1117,系列主題,黃國昌-通識課,黃國昌
2025/11/10,https://www.youtube.com/watch?v=lh0EkbK76cQ,【國昌直播】看看(我在)立法院做什麼_1110,系列主題,黃國昌-通識課,黃國昌
2025/11/03,https://www.youtube.com/live/TxiZU8MZQpE?si=nF84AykSMPA-mTCD,【國昌直播】看看(我在)立法院做什麼_1103,系列主題,黃國昌-通識課,黃國昌
2025/09/22,https://www.youtube.com/live/gGHxBNoNu-g?si=HfLGliQS0BSWDK6R,【國昌直播】看看(我在)立法院做什麼_0922,系列主題,黃國昌-通識課,黃國昌
2025/07/13,https://www.youtube.com/watch?v=zJuUtzF8lFw,【POE劇情】伊貢是誰?札娜想幹嘛?輿圖之奧祕劇情解析丨WhoisEagon?WhatisZanadoing?SecretsoftheAtlaslore,休閒牧場,poe流亡暗道,EKwow聊劇情
2025/07/05,https://www.youtube.com/watch?v=JEqYj-mg4Hc,【館長精華】九年後，他終於想起要給軍人加福利了！,系列主題,陳之漢-義士,館長惡名昭彰
2025/06/21,https://www.youtube.com/watch?v=QgXIECuUQHA,【POE3.26】垃圾變黃金追憶野獸煉金術!新手老手完全適用!(CC字幕),poe流亡暗道,教學攻略,Howhowgoose 皓皓鵝-遊戲頻道
2025/04/03,https://www.youtube.com/watch?v=oOIztBXox60,Lapwing-FaceTrackingAddon,休閒牧場,ACG同好會|Vtuber,Hash
2025/01/25,https://www.youtube.com/watch?v=CGFHT6spU04,【從零開始養】燕子!?用泡麵碗築巢?燕窩怎麼來的?一次死74隻小雨燕的嚴重大事件!!【許伯簡芝】,學術領域,生物學,許伯&簡芝—倉鼠人
2024/12/16,https://www.youtube.com/watch?v=AZQ2gzb1ROw,【館長精華】終於要更新我們的戰車？一代傳一代人走車還在！,系列主題,陳之漢-義士,館長惡名昭彰
2024/12/13,https://www.youtube.com/watch?v=rZhTY9XQuK0,手動美化AI產出的模型RefiningTRELLISAICreationsinBlender,藝術學院,3D,鳥咪老師
2024/12/11,https://www.youtube.com/watch?v=WmhlGbTw-4Y,【國昌直播SP】聊聊勞動布針對霸凌與貪瀆的包庇遮掩,系列主題,黃國昌-通識課,黃國昌
2024/12/04,https://www.youtube.com/watch?v=SmekmJmnO5g,【國昌直播】看看(我在)立法院做什麼_1202(cc字幕),系列主題,黃國昌-通識課,黃國昌
2024/11/23,https://www.youtube.com/watch?v=UQ59KRe9Dck,【館長精華】自己出事不罵轉頭罵國昌老師？沒有問題就不要怕別人查嘛！,系列主題,陳之漢-義士,館長惡名昭彰
2024/10/28,https://www.youtube.com/watch?v=uCKOyS4cEd8,【國昌直播】看看(我在)立法院做什麼_1028(CC字幕),系列主題,黃國昌-通識課,黃國昌
2024/10/26,https://www.youtube.com/watch?v=8-H8N3OblzQ,【國昌直播SP】賴政府把持的司法在搞什麼鬼,系列主題,黃國昌-通識課,黃國昌
2024/10/17,https://www.youtube.com/watch?v=hOO3gSofC9U,椒點話題現正直播中　🌶️【談揭弊者保護法修法】🌶️,系列主題,陳椒華-循道者,陳椒華
2024/10/14,https://www.youtube.com/watch?v=my5czjrNoX4,【國昌直播】看看(我在)立法院做什麼_1014,系列主題,黃國昌-通識課,黃國昌
2024/10/10,https://youtu.be/wauEk2kC9co?si=dvt2mGmLb_3wChm1,【館長精華】八萬一千塊這麼好領嗎？花了人民兩千多萬到底做了什麼事！這麼熱情有熱心那就改無給職啊！,系列主題,陳之漢-義士,館長惡名昭彰
2024/10/09,https://www.youtube.com/watch?v=i_m2Uqaw0J4,【館長精華】十月十號一起集結！大法官是什麼聖母瑪利亞嗎？你們自己用愛感化殺人犯看看啊！,系列主題,陳之漢-義士,館長惡名昭彰
2024/10/08,https://www.youtube.com/watch?v=oWTVbXsDYjw,【館長精華】竟然大內宣到這種程度？青鳥聞了都說很香！這樣拍馬屁越來越有共產黨的感覺了！,系列主題,陳之漢-義士,館長惡名昭彰
2024/10/02,https://www.youtube.com/watch?v=fBlXdZrMwOE,【館長精華】刑責太輕，悲劇只會一直重演！,系列主題,陳之漢-義士,館長惡名昭彰
2024/10/01,https://www.youtube.com/watch?v=X5pEYwMChcc,【館長精華】二千多億是你我的錢啊！大國都將核能視為綠能了！,系列主題,陳之漢-義士,館長惡名昭彰
2024/09/30,https://www.youtube.com/watch?v=aJun-rN_NlM,【館長精華】敢不敢去查民進黨，他們從來沒有偵訊３天７０個小時！,系列主題,陳之漢-義士,館長惡名昭彰
2024/09/29,https://www.youtube.com/watch?v=N5GlGnhEDEM,【館長精華】想當正能量網紅嗎?講民進黨好話就可以了!台灣以後就是老年化社會!,系列主題,陳之漢-義士,館長惡名昭彰
2024/09/27,https://www.youtube.com/watch?v=EbVzf_vWZ-U,【館長精華】林口館的門修好了，如果又來砸我也只能笑笑地繼續修門,系列主題,陳之漢-義士,館長惡名昭彰
2024/09/25,https://www.youtube.com/watch?v=LPW8QVrJ3Qo,【館長精華】壞人做壞事，為所欲為這麼理直氣壯，還談什麼守法？,系列主題,陳之漢-義士,館長惡名昭彰
2024/09/24,https://www.youtube.com/watch?v=TSkWjdfSeBE,【館長精華】一天到晚砸我的店，是吃飽沒事幹？,系列主題,陳之漢-義士,館長惡名昭彰
2024/09/23,https://www.youtube.com/watch?v=grAY-VNmMDk,【館長精華】台電沒錢怎麼辦？當然是搶人民的錢啊！,系列主題,陳之漢-義士,館長惡名昭彰
2024/09/22,https://www.youtube.com/watch?v=fOAfz9Vm-TI,【館長精華】很多人都最愛看懶人包了！是非對錯傻傻分不清楚！,系列主題,陳之漢-義士,館長惡名昭彰
2024/09/20,https://www.youtube.com/watch?v=sSnfTt4tQLA,【館長精華】對啦又是我了！我又變成中共同路人了？,系列主題,陳之漢-義士,館長惡名昭彰
2024/09/19,https://www.youtube.com/watch?v=FtsBw4uqcVY,椒點話題現正直播中　🌶️【學甲爐碴現場追蹤紀實】🌶️,系列主題,陳椒華-循道者,陳椒華
2024/09/17,https://www.youtube.com/watch?v=vHS0I11zXvg,【館長精華】檢方說這是不能說的秘密！那這些記者是從哪裡得知這些消息？,系列主題,陳之漢-義士,館長惡名昭彰
2024/09/13,https://www.youtube.com/watch?v=xoJb0j_Fqmg,【館長精華】現在一堆綠媒名嘴全部都變成檢察官了？黨檢媒三位一體！民進黨還要讓台灣人民對司法失望到什麼程度！,系列主題,陳之漢-義士,館長惡名昭彰
2024/09/12,https://www.youtube.com/watch?v=5gvvIULDBZQ,【館長精華】台灣是可以這樣未審先判嗎！廉政署已經變成黨的打手！證據都讓民進黨這樣隨便捏造？,系列主題,陳之漢-義士,館長惡名昭彰
2024/09/06,https://www.youtube.com/watch?v=Le3sxIno9e0,《老皮精華》把家炸了💥房子燒了🔥就為了殺『大蜘蛛!!🕷️』不惜代價炸了加油站，也不要蜘蛛存活!!※KillItWithFire完整27分鐘重製版,休閒牧場,ACG同好會,紫菜
2024/09/06,https://www.youtube.com/watch?v=ed23sw6KxYQ,【館長精華】雞蛋又出來啦！阿之前那些人怎麼不見了？,系列主題,陳之漢-義士,館長惡名昭彰
2024/09/03,https://www.youtube.com/watch?v=hhXqAQKwCtU,【國昌直播SP】來看看這70小時發生什麼事,系列主題,黃國昌-通識課,黃國昌
2024/08/27,https://www.youtube.com/watch?v=lDv9ZbyaV20,【POE劇情】異界輿圖系列（4）-札娜的探索丨PathofExileAltasLoreSeries4-Zana'sExploration,休閒牧場|poe流亡暗道,故事劇情|ACG同好會,EKwow聊劇情
2024/08/25,https://www.youtube.com/watch?v=Gnt6vddjBlw,【POE劇情】異界輿圖系列（3）-塑界者丨PathofExileAltasLoreSeries3-Shaper,休閒牧場|poe流亡暗道,故事劇情|ACG同好會,EKwow聊劇情
2024/08/06,https://www.youtube.com/live/7z91A7r_a-A?si=CQdTr8QV7Dc4gyZI,【國昌直播SP】憲法法庭後的閒聊,系列主題,黃國昌-通識課,黃國昌
2024/08/01,https://www.youtube.com/watch?v=6Nf5OACH7T8,黃國昌台灣革新:獨家回應NCC委員公開信!審計部打臉農業部草率買蛋!Ft民眾黨立法委員黃國昌@KC-Huang,系列主題,黃國昌-通識課,黃國昌
2024/07/29,https://www.youtube.com/watch?v=L3qfO4Q3JkI,【國昌直播SP】來看看美國眾議院聽證會在做什麼,系列主題,黃國昌-通識課,黃國昌
2024/07/23,https://www.youtube.com/watch?v=-O6gDQP1MFU,🔴Live【誰來Talk館】第一百零三集|清剿英系？賴清德時代來臨|feat.黃國昌@KC-Huang,系列主題,黃國昌-通識課|陳之漢-義士,館長惡名昭彰
2024/07/22,https://www.youtube.com/live/_jIIj-HqdOI?si=-FvR2qBL2JACEK2a,【國昌直播】看看憲法法庭在搞什麼,系列主題,黃國昌-通識課,黃國昌
2024/07/18,https://youtube.com/shorts/GTbTe3RFZRg?si=sOEP4BAZWrDd9bYX,GNOME,休閒牧場,ACG同好會|這是什麼酷酷的東西,팥쥐
2024/07/15,https://www.youtube.com/live/VSH_PeWuoEY?si=WIRjCI1dw1zHHXWf,【國昌直播】看看(我在)立法院做什麼_0715,系列主題,黃國昌-通識課,黃國昌
2024/07/12,https://youtu.be/vU9BhPg0YLg?si=jTxF7qWdUlmB4FME,【直播精華】鄭文燦退回500萬為哪樁？,系列主題,黃國昌-通識課,黃國昌
2024/07/04,https://youtu.be/7i6WY449-qE?si=riPdjTJtXxmiqDgt,台灣不能沒有台積電也不能只有台積電｜新教育新科技新經濟,系列主題,柯文哲-先行者,柯文哲
2024/07/04,https://youtu.be/6sEOf4rb7LU?si=yAJS68BRaERbpYqz,簡易的開槍火花動畫製作【Blender鳥咪老師】,藝術學院,3D,鳥咪老師
2024/06/26,https://youtu.be/s2F1BMc6YJ8?si=QXSpw5-gDAu4lQ-M,【老皮實況】ARMA3『代號:深入敵後』💪教召計畫進入尾聲，指揮部竟要求完全沒有空降經驗的新兵跳傘，結果會是....|武裝行動3#下集,休閒牧場,ACG同好會,老皮（Opchannel）
2024/06/19,https://youtu.be/oF4TcYS3wIU?si=HNZTTB1IWdHQf5Pa,【老皮實況】ARMA3『代號:教召行動』💪號召近百位觀眾一起用遊戲來教召演習，這些新兵的表現居然....|武裝行動3#上集,休閒牧場,ACG同好會,老皮（Opchannel）
2024/06/14,https://youtu.be/1aC_HrjhxxE?si=BmEXeba2C5gQ-pve,【直播精華】行政院的覆議，異議阿里！,系列主題,黃國昌-通識課,黃國昌
2024/06/13,https://www.youtube.com/watch?v=T9DiPQO_0_k,let'stryonsomeoutfits!:D,休閒牧場,Vtuber,Crash Landing Studios
2024/06/13,https://www.youtube.com/watch?v=_eb15ZWBFBs,【館長精華】出事啦阿館！！還有為了錄取成吉思汗這樣自我介紹的！？,系列主題,陳之漢-義士,館長惡名昭彰
2024/06/10,https://www.youtube.com/watch?v=fKHNH8mpY5U,【國昌直播】看看(我在)立法院做什麼_0610,系列主題,黃國昌-通識課,黃國昌
2024/06/05,https://www.youtube.com/watch?v=a9lhF84xGBQ,給大學生最重要的建議｜研究AI精通英文,系列主題,柯文哲-先行者,柯文哲
2024/06/04,https://www.youtube.com/watch?v=rWlvUSIZHpM,Pale Angel spectres (PoE 3.24),POE流亡暗道,流派收藏,VelvetSky1102
2024/05/31,https://www.youtube.com/watch?v=-hX6pLloBto,【直播精華】見鬼啦~國會改革の迴力鏢,系列主題,黃國昌-通識課,黃國昌
2024/05/27,https://www.youtube.com/watch?v=JDlcQ_n-S_M,【國昌直播】看看(我在)立法院做什麼_0527,系列主題,黃國昌-通識課,黃國昌
2024/05/24,https://www.youtube.com/watch?v=WnoVjI0utV8,【館長精華】人家都跑到你地盤了還在兩兆，側翼覺青們只會嘴巴抗中嗎？,系列主題,陳之漢-義士,館長惡名昭彰
2024/05/24,https://www.youtube.com/watch?v=UfNG5lhBjOI,【館長精華】民進黨過法案才叫進步！別人過法案就是賣台？台灣的未來就是被你們搞爛的！,系列主題,陳之漢-義士,館長惡名昭彰
2024/05/23,https://www.youtube.com/watch?v=YZnbtPzswMo,黑箱審查？一般民眾也會被罰？民進黨為什麼這麼愛說謊,系列主題,黃國昌-通識課,黃國昌
2024/05/23,https://www.youtube.com/watch?v=qJnFeZjKFtA,【館長精華】當過議員還被風向帶到歪頭！到底是真愛台灣還是愛黨？,系列主題,陳之漢-義士,館長惡名昭彰
2024/05/23,https://www.youtube.com/watch?v=AJYSCZXNzTw,【直播精華】大亂鬥之外，還發生了什麼事？,系列主題,黃國昌-通識課,黃國昌
2024/05/20,https://www.youtube.com/watch?v=GgMnc84Edno,【國昌直播】看看(我在)立法院做什麼_0520,系列主題,黃國昌-通識課,黃國昌
2024/05/18,https://www.youtube.com/watch?v=PgCNcLazLl4,【直播精華】有意見，這個條文在修什麼？,系列主題,黃國昌-通識課,黃國昌
2024/05/13,https://www.youtube.com/watch?v=bdObbTm69-s,【國昌直播】看看(我在)立法院做什麼_0513,系列主題,黃國昌-通識課,黃國昌
2024/05/11,https://www.youtube.com/watch?v=zsFxz-YEAaM,【東方弾幕】東方の弾幕を味わえるVRchatのマップがヤバすぎる！【ゆっくり実況】,☯東方Project,同人,NB_かんちぇうたあ
2024/05/11,https://www.youtube.com/watch?v=vwkeihI7JYQ,【館長精華】519街頭遊行！僅僅只有幾千個人嗎？,系列主題,陳之漢-義士,館長惡名昭彰
2024/05/10,https://www.youtube.com/watch?v=Zdiavmgo0Go,【直播精華】鏡然這樣串供,系列主題,黃國昌-通識課,黃國昌
2024/05/10,https://www.youtube.com/watch?v=McnW_b7ZD2M,【完整版】第三勢力的關鍵力量要如何贏20240510｜黃國昌【大雲時堂】,系列主題,黃國昌-通識課,大雲時堂
2024/05/07,https://www.youtube.com/watch?v=c2B6ox5d9eI,【館長精華】永遠只有那幾招？人民被當甘蔗吃完剩渣渣！,系列主題,陳之漢-義士,館長惡名昭彰
2024/05/06,https://www.youtube.com/watch?v=m3_WQ-aDh3E,跟我在網上對罵的黑粉竟然是我的偶像!?美女聲優疑開小號到處引戰偷酸同行被抓包!結果卻因意外理由粉絲不減反增!?｜水瀨祈小號炎上事件｜阿先說故事,休閒牧場,ACG同好會,阿先說故事
2024/05/05,https://www.youtube.com/watch?v=OuBmpQSVDZs,[Touhou3D]EternalNight-part2,☯東方Project,同人,minusT
2024/04/15,https://www.youtube.com/watch?v=BjeRb6LR8cw,歷史課｜回顧過去和解台灣,系列主題,柯文哲-先行者,柯文哲
2024/04/13,https://youtu.be/z6MJcPAKmbU?si=v00wQ99iiw_gAMWP,鳥咪診斷室#3自我腦部手術,藝術學院,3D,鳥咪老師
2024/04/06,https://youtu.be/CcP_HxabYpU?si=armqGcVyAH9oJzGa,充氣的紅球byBlender,藝術學院,3D,鳥咪老師
2024/03/28,https://youtu.be/egCFaF-iir0?si=chd8BhZmcxTBb-S8,鳥咪診斷室#2井字佈線醫美,藝術學院,3D,鳥咪老師
2024/03/26,https://youtu.be/WGk8Zsy_JSk?si=5AIIAhE8WC8XXlZV,鳥咪診斷室#1奇怪的重疊面,藝術學院,3D,鳥咪老師
2024/03/18,https://www.youtube.com/watch?v=mBt8c9C-7BA,【國昌直播】看看(我在)立法院做什麼_0318,系列主題,黃國昌-通識課,黃國昌
2024/03/15,https://www.youtube.com/watch?v=NrDiJoMWaq0,【直播精華】你竟敢用我的質詢對付我，國昌？,系列主題,黃國昌-通識課,黃國昌
2024/03/11,https://www.youtube.com/watch?v=rzSPl_BqsY0,【國昌直播】看看上週(我在)立法院做什麼_0311,系列主題,黃國昌-通識課,黃國昌
2024/03/11,https://www.youtube.com/watch?v=DCKH4hZrBJU,【國昌質詢】包庇自家人綠能你不能｜2024-03-11｜司法法制委員會,系列主題,黃國昌-通識課,黃國昌
2024/03/09,https://www.youtube.com/watch?v=RFI_npDNEm0,【館長精華】這到底是能不能吃？各位人民獻出你的心臟！,社會學｜系列主題,時事輿論|陳之漢-義士,
2024/03/08,https://www.youtube.com/watch?v=1Rcf1K_mPGI,【直播精華】關說法官一個不夠，不會關說兩個？,系列主題,黃國昌-通識課,黃國昌
2024/03/06,https://www.youtube.com/watch?v=LozINIDr1R0,【國昌質詢】六年前敬鵬的淚水與承諾人總全都忘記了｜2024-03-06｜司法法制委員會,系列主題,黃國昌-通識課,黃國昌
2024/03/06,https://www.youtube.com/watch?v=CV-4ptoqvjM,【國昌質詢】令人憤怒的國發會被當盤子的納稅人｜2024-03-06｜經濟委員會,系列主題,黃國昌-通識課,黃國昌
2024/03/05,https://www.youtube.com/watch?v=Osi5NHsaqww,【國昌質詢】銀行行員勾結詐騙集團參與洗錢金管會罰錢了事？｜2024-03-04｜財政委員會,系列主題,黃國昌-通識課,黃國昌
2024/03/04,https://www.youtube.com/watch?v=cqao9KdKxpc,【國昌直播】看看(我在)立法院做什麼,系列主題,黃國昌-通識課,黃國昌
2024/02/29,https://www.youtube.com/watch?v=KBvEkxfKecE,【直播精華】誰在寄生？,系列主題,黃國昌-通識課,黃國昌
2024/02/26,https://www.youtube.com/watch?v=ODKsDDjYjJM,【國昌直播】看看上週立法院在做什麼_0226,系列主題,黃國昌-通識課,黃國昌
2024/02/26,https://www.youtube.com/shorts/zAhUJ6dGf-g,【shorts】男生就是這樣！！不接受反駁！！！🦁#shorts#vtuber#vtuberclip#vtuber精華#海克莉絲#hercules,休閒牧場,Vtuber,海克莉獅  HercuLes ch
2024/02/25,https://youtu.be/U4C4b8I6jgM?si=QS6RFXFZpz1a-CME,不會掉下來的鞋帶綁法‼ ️#生活小妙招 #綁鞋帶 #懶人免綁鞋帶,生活日常,生活日常
2024/02/23,https://youtu.be/7lvWStQ9Ipo?si=7BZud94mA3TEehDC,教你做貓貓舌頭的動畫【Blender鳥咪老師】,藝術學院,3D,鳥咪老師
2024/02/21,https://www.youtube.com/watch?v=JssHNO6zAGQ,【直播精華】從來沒有禮拜三加開院會？,系列主題,黃國昌-通識課,黃國昌
2024/02/20,https://www.youtube.com/watch?v=4UZwlGXU0NM,【院會總質詢】貪腐詐騙橫行蔡政府還在研議｜2024-02-20,系列主題,黃國昌-通識課,黃國昌
2024/02/19,https://www.youtube.com/watch?v=Bg7Fayz49gs,【國昌直播】看看今天立法院在做什麼_0219,系列主題,黃國昌-通識課,黃國昌
2024/02/15,https://www.youtube.com/watch?v=GX9__zejMvY,【館長精華】希望所有政治人物可以重視槍枝相關條例！大哥這麼好當哪輪的到你當？,系列主題,陳之漢-義士,館長惡名昭彰
2024/02/14,https://www.youtube.com/watch?v=cPeaYY7cgFI,【館長精華】這年頭網紅不好當！想紅想到發瘋了？,系列主題,陳之漢-義士,館長惡名昭彰
2024/02/07,https://www.youtube.com/watch?v=7JQVMsU53k0,【直播精華】比1995還刺激的黨團協商,系列主題,黃國昌-通識課,黃國昌
2024/01/19,https://www.youtube.com/watch?v=w5CG9y3oivg,Frierenbreak-dancing(舞踏のフリーレン),休閒牧場,ACG同好會|這是什麼酷酷的東西,tenten
2024/01/04,https://www.youtube.com/watch?v=spw5fpKyD1I,#誰說阿北沒做事/google街景見證阿北政績，讓台北變好多,"社會學,台灣[Taiwan],系列主題,柯文哲-先行者,黃珊珊
2023/12/30,https://www.youtube.com/shorts/YHqAUAr14r0,【shorts】女生跟男生對於行為的思考差異！🦁#shorts#vtuber#vtuberclip#vtuber精華#海克莉絲#hercules,休閒牧場|人生哲學,Vtuber|這是什麼酷酷的東西|戀愛研究院,海克莉獅  HercuLes ch
2023/12/30,https://www.youtube.com/shorts/pM5SaiiqZR8,【爸爸的理解力XD】女兒指定聽「素骨蝦」爸崩潰：到底什麼蝦｜音樂｜親子｜父女｜爸爸｜女兒｜互動｜流行樂｜搞笑,休閒牧場,這是什麼酷酷的東西,udn video
2023/12/29,https://youtu.be/01lLryKg7kQ?si=Dl1kKMnYBa3gLVpa,demoncoreblackbetty,休閒牧場,ACG同好會|這是什麼酷酷的東西,팥쥐
2023/12/28,https://www.youtube.com/watch?v=cmBWFCtJXHk,第三場公辦總統候選人政見發表會(柯文哲/賴清德/侯友宜),系列主題,柯文哲-先行者,柯文哲
2023/12/21,https://www.youtube.com/watch?v=CkbTmHYlnYU,"2024總統政見發表會誰讓柯文哲"被消失"?",系列主題,柯文哲-先行者,柯文哲
2023/12/18,https://www.youtube.com/watch?v=ZrzJfVZbo3s,【國昌直播】看看上週立法院在做什麼_1218,系列主題,黃國昌-通識課,黃國昌
2023/12/14,https://www.youtube.com/watch?v=kxGeajgQet4,【館長精華】被限制的台灣未來！都交給你們去貪了！,系列主題,陳之漢-義士,館長惡名昭彰
2023/12/06,https://www.youtube.com/watch?v=2P7QCAlMui4,【KP國是會議】EP.11：國家的科技發展策略與政策,系列主題,柯文哲-先行者,柯文哲
2023/11/29,https://www.youtube.com/watch?v=QHHHexueHWM,ClericKiwi,休閒牧場,這是什麼酷酷的東西,Sunpy
2023/11/28,https://www.youtube.com/watch?v=YplqSokEyVc,【KP國是會議】EP.10：民主化的AI科技,系列主題,柯文哲-先行者,柯文哲
2023/11/25,https://www.youtube.com/watch?v=VS2qiTLib-U,讓年輕人留在家鄉產業.教育必須連動改革,系列主題,柯文哲-先行者,柯文哲
2023/11/20,https://www.youtube.com/watch?v=jXP4Gqscwvs,【KP國是會議】EP.9智慧教育：打造台灣成為一個學習型國家,系列主題,柯文哲-先行者,柯文哲
2023/11/19,https://www.youtube.com/shorts/Bbw3vwga92c,Spintips#billiards#8ballpool#tips,休閒牧場,體育運動,genipool
2023/11/18,https://www.youtube.com/shorts/4UShmS4qDEY,【雞同鴨講】姐姐想玩大風吹妹狂跳針：我就聽不懂咩｜姊妹｜小孩｜吵架｜大風吹｜童顏童語｜鬼打牆｜可愛,休閒牧場,這是什麼酷酷的東西,udn video
2023/11/17,https://www.youtube.com/watch?v=NzvQnbRyHcM,【十問總統候選人】五缺、避險、產業轉型，柯P的台灣經濟診斷書！ft.柯文哲@Team__KP｜經濟政策獨家專訪,系列主題,柯文哲-先行者,柯文哲
2023/11/16,https://www.youtube.com/watch?v=p024rWdN_ak,🔴Live【誰來Talk館】第八十九集|永結同心，百年好合|請與我們一起迎風前行|feat.戰神黃國昌@KC-Huang、民眾黨總統參選人柯文哲@Team__KP,系列主題,黃國昌-通識課|陳之漢-義士|柯文哲-先行者,館長惡名昭彰
2023/11/11,https://www.youtube.com/watch?v=s-MJ6jDRTZc,柯文哲高雄大學超派QA,系列主題,柯文哲-先行者,柯文哲
2023/11/10,https://www.youtube.com/watch?v=cUDQNucDB1k,【館長精華】自導自演最會！顏色對了，不必去查犯罪都合法！,系列主題,陳之漢-義士,館長惡名昭彰
2023/11/09,https://www.youtube.com/watch?v=XK_zUnU-y1M,【館長精華】又是貪污又是詐騙！什麼時候才要還給人民一個乾淨的未來？,系列主題,陳之漢-義士,館長惡名昭彰
2023/11/09,https://www.youtube.com/watch?v=cPYpXZ9yFK0,【直播精華】來看看護航的人臉皮有多厚？犀牛皮？,系列主題,黃國昌-通識課,黃國昌
2023/11/08,https://www.youtube.com/watch?v=OhGMDMDUES8,【館長精華】不管你們再怎麼抹黑，我阿館出品絕對是最頂的！,系列主題,陳之漢-義士,館長惡名昭彰
2023/11/06,https://www.youtube.com/watch?v=ofXxhHjLiCU,🔴Live【誰來Talk館】第八十七集|行人地獄，還路於民！公審型Youtuber|玩遊戲，學歷史之餘，也要關心公共議題！|feat.@cheapaoe,系列主題,陳之漢-義士,館長惡名昭彰
2023/11/02,https://www.youtube.com/watch?v=UKLwS5mCnrY,【直播精華】如果是我站在質詢台上....,系列主題,黃國昌-通識課,黃國昌
2023/10/30,https://www.youtube.com/watch?v=V_LyetWVEA8,【國昌直播】看看上週立法院在做什麼_1030,系列主題,黃國昌-通識課,黃國昌
2023/10/30,https://www.youtube.com/shorts/AOmUOvVy5X8,【Honkai：StarRail'SHORTS'MMD／4K／60FPS】Clara【AllMyPeople】,休閒牧場,ACG同好會,Akashi
2023/10/27,https://www.youtube.com/watch?v=2kvuE2K_ST4,【直播精華】氣到拍桌！這樣夠大聲了嗎？,系列主題,黃國昌-通識課,黃國昌
2023/10/13,https://www.youtube.com/shorts/KyqyniQEN7w,【慢動作還原】脫口秀演員超強模仿進球慶祝慢動作｜脫口秀｜神模仿｜足球賽｜進球｜慶祝｜運動｜搞笑,休閒牧場,體育運動|這是什麼酷酷的東西,udn video
2023/10/12,https://www.youtube.com/watch?v=Zj5YRezmdyU,【精彩賽事.EP89】新版本宇宙天空流與快樂公主艦(聖母艦)！Dark快攻失敗自此陷入劣勢，他怎麼扭轉局勢？｜Dark(蟲)vs.Astrea(神)｜【SoBaD】KSL(NewPatch),休閒牧場,ACG同好會,SoBaDRush
2023/10/10,https://www.youtube.com/watch?v=qoRvmbppUB8,[阿祖守家神器],poe流亡暗道|《燕侍》,休閒日常
2023/10/07,https://youtu.be/x8LnOFpxKl0?si=pE8hSwzOLVRWXRT8,【精彩賽事.EP86】人蟲神局再現！是什麼樣的鬼轉！能夠死超過80隻飛螳啦？｜Cure(人)vs.Reynor(蟲)｜【SoBaD】功夫盃(OldPatch),休閒牧場,ACG同好會,SoBaDRush
2023/10/06,https://www.youtube.com/shorts/UzAHOTZ6MPw,【BlueArchive'SHORTS'MMD／4K／60FPS】Arona【Loveit】,休閒牧場,ACG同好會,Akashi
2023/09/16,https://youtu.be/hfnT3x3yZSw?si=Wr3GCr_8DvqpXsLe,動漫主角必備的回憶增強技能💥ThatFlashbackthingMainCharactersDo|StevenHe官方中文翻譯,休閒牧場,這是什麼酷酷的東西,Steven He官方中文頻道
2023/09/06,https://www.youtube.com/watch?v=5cUFhZXea2M,つぎ,休閒牧場,ACG同好會,BlueSechi
2023/08/25,https://www.youtube.com/watch?v=_IG4gqdBCuY,【KP國是會議】EP7.從科技改革奠定國家長期競爭力,系列主題,柯文哲-先行者,柯文哲
2023/08/21,https://www.youtube.com/live/zSQwWszw_pk?si=xK9QCTMuF46ZMCrD,【國昌直播SP】來看看光電的發展，出了什麼問題？,系列主題,黃國昌-通識課,黃國昌
2023/08/18,https://youtu.be/VjLTJfuDnjE?si=M_GuRRAV2deshd1g,【直播精華】行人在走，人行道要有feat.@cheapaoe,系列主題,黃國昌-通識課,黃國昌
2023/08/18,https://www.youtube.com/watch?v=RRcPRX9-8PY,【精彩賽事.EP53】Asyoucansee~你看過蟲族城市化嗎？NaNi！？打了半小時工兵歸0？【SoBaD】Classic(神)vs.Serral(蟲)｜Gamers8,休閒牧場,ACG同好會,SoBaDRush
2023/08/18,https://www.youtube.com/watch?v=K7ophz3LgCE,休閒牧場,ACG同好會,BlueSechi
2023/08/16,https://www.youtube.com/live/R50sliyb-0c?si=JomkD_edCPlj08MD,【國昌直播SP】七一六過去一個月，那些尚未被撫平的傷痕,系列主題,黃國昌-通識課,黃國昌
2023/08/14,https://www.youtube.com/live/LtdVR6KC-Q0?si=U42dnktX-Ie5dqpE,【國昌直播SP】跟Cheap聊聊交通feat.@cheapaoe,系列主題,黃國昌-通識課,黃國昌
2023/08/13,https://www.youtube.com/watch?v=-5E67EK6qfA,EyeoftheStorm|HololiveAnimation,休閒牧場,ACG同好會|Vtuber,Crash Landing Studios
2023/08/13,https://www.youtube.com/live/5yw9smk8AQY?si=e3lXos4PoH_40DxQ,【國昌直播SP】請問與黑金共舞的鄭文燦，到底誰雙標?,系列主題,黃國昌-通識課,黃國昌
2023/08/11,https://youtu.be/Ft6p5QQ7IGE?si=UgaAXNpPzBBt4qOT,【直播精華】審計部吃了誠實豆沙包點出政策問題，小心側翼出征！但其實錢都花完了，有問題也沒有人負責...森企企,系列主題,黃國昌-通識課,黃國昌
2023/08/10,https://www.youtube.com/live/iRXn5Xcct4E?si=sazMUsjHYZdyEyYO,【國昌直播SP】今天從泰國押解回台的郭哲敏是誰？到底有多大能耐？又是誰在撐腰？,系列主題,黃國昌-通識課,黃國昌
2023/08/05,https://www.youtube.com/watch?v=6GxI_ADS8c0,回望文協百年，照向臺灣未來的路,系列主題,柯文哲-先行者,柯文哲
2023/08/01,https://www.youtube.com/watch?v=geyO1F5xnnI,面對台灣的問題，要聆聽來自各界的聲音｜柯P管理學【柯P老實說】,系列主題,柯文哲-先行者,柯文哲
2023/07/29,https://www.youtube.com/watch?v=dBFhI6Be9hU,Minecraft🌸1.20【伊甸惡鄰】外掛惡作劇商人上線啦🤣伺服器重生點的隱藏神奇商店【海尼根】伊甸惡鄰#15│全字幕,休閒牧場,ACG同好會,82年的海尼根
2023/07/25,https://www.youtube.com/watch?v=ebjO2VO5JI8,北流我蓋我負責，監察院要查我不怕！對歷史負責,系列主題,柯文哲-先行者,柯文哲
2023/07/24,https://www.youtube.com/live/hAkdiFBf9NM?si=Bk0BW1_-9gtGoSHf,【國昌直播】716之後，看看立法院在做什麼,系列主題,黃國昌-通識課,黃國昌
2023/07/13,https://youtu.be/3n9E1mBxZXM?si=SjN3s7kxj1uEX4lo,【直播精華】居住正義上課啦！黃同學舉一反三：社宅輪候制跟吃拉麵要抽號碼牌一樣｜feat.OURs都市改革組織：彭揚凱,系列主題,黃國昌-通識課,黃國昌
2023/07/13,https://www.youtube.com/watch?v=je46kyvv-8E,Minecraft地圖繪的最高境界讓瑞克搖真的在生存模式動起來|LATCraft#10,休閒牧場,ACG同好會,小柯
2023/07/13,https://www.youtube.com/watch?v=bd97ORbVU7U,【老皮實況】媽媽問我為什麼要對著螢幕拜拜🤣100人集體社死的團康遊戲！|Everybody1-2-Switch#實況精華,休閒牧場,ACG同好會,老皮（Opchannel）
2023/07/11,https://www.youtube.com/watch?v=BRBCAaqgdUs,【Neuro-sama】AI可愛就可以被原諒！可憐的開發者明明是人類卻比不上AI...哭啊！【Vtuber中文精華】,休閒牧場,Vtuber,單推的DD烤肉Man
2023/07/11,https://www.youtube.com/shorts/-01nDtyH-dQ,【可愛萌娃】父女吵架之女兒氣勢不能輸｜小孩｜爸爸｜女兒｜搞笑｜生活日常｜親子,休閒牧場,這是什麼酷酷的東西,udn video
2023/07/09,https://www.youtube.com/watch?v=xqhJFteelgo,臺灣需要一位誠實的總統,系列主題,柯文哲-先行者,柯文哲
2023/07/07,https://youtu.be/TgKdvDLiwrE?si=HiQl7-heQFyMnrak,【直播精華】雜糧是我的快樂源泉！月薪20萬、月休25天，大吃大喝什支買單，訂閱Disney+還可報公帳，我就問哪裡可以面試？,系列主題,黃國昌-通識課,黃國昌
2023/07/03,https://youtu.be/FG0z6Gr8tRI,【精彩賽事.EP28】APM兩萬的對戰超荒謬？AI對決AI會發生什麼事｜最強神族AIvs.最強人類AI【SoBaD】＃那個碉堡採瓦,休閒牧場,ACG同好會,SoBaDRush
2023/07/03,https://www.youtube.com/live/vTHDBiTjQPc?si=vhp97GGRm-9CkDoi,【國昌直播】本頻道收到業配了、肥貓基金會有了新發現,系列主題,黃國昌-通識課,黃國昌
2023/06/29,https://youtu.be/GAN8PNbDM5M?si=QpT50D_btiFfHl_M,【直播精華】落選者保送肥貓俱樂部？人頭滿滿的空殼公司標案接不完、真是一鳴驚人！,系列主題,黃國昌-通識課,黃國昌
2023/06/26,https://www.youtube.com/live/wYXcLcQ-Kxc?si=KZ1CPKVDL6nVgeyt,【國昌直播】來看看黑金，不是情義之西西里島(1997),系列主題,黃國昌-通識課,黃國昌
2023/06/22,https://youtu.be/LACLG5jPaaw?si=W2XmzKsPJXwiqf9L,【直播精華】權貴坐牢刑期先打5折！想關說司法嗎？老師開嗆聊天室：你是哪根蔥阿？,系列主題,黃國昌-通識課,黃國昌
2023/06/19,https://www.youtube.com/live/nYEFRMjs9oE?si=GbKTp4nbRQeLw0yF,【國昌直播】帶你看權貴才懂怎麼玩的司法小訣竅,系列主題,黃國昌-通識課,黃國昌
2023/06/17,https://youtu.be/FWWCCAE4pqY?si=QVe8kYKAgRj6UJRZ,當店員已經跟你熟到懶得鳥你了🤣,休閒牧場,這是什麼酷酷的東西,KT 翻譯社
2023/06/17,https://www.youtube.com/watch?v=ASeOeAmiLoU,快到飛起來了!沙漠作戰滑板車薩爾達傳說王國之淚,休閒牧場,ACG同好會,Prizzaa遊戲頻道
2023/06/17,https://www.youtube.com/watch?v=_vR_m-RtL3A,【電腦壞掉】Minecraft炸方塊能買『史上最強TNT』的世界生存，爆炸之後電腦發生不得了的事情,休閒牧場,ACG同好會,阿斯asu
2023/06/15,https://youtu.be/Jvdj2a5iAoQ?si=6XKjMI2_vuEI_o1s,【直播精華】揭密土地煉金術！無視等價交換一坪獲利至少22萬？不用繳土地增值稅的秘密...這是可以免費聽的嗎？,系列主題,黃國昌-通識課,黃國昌
2023/06/12,https://www.youtube.com/live/zPVKF0H-ZRc?si=9n9B6Nijw9ERaYau,【國昌直播】來看看藍綠權貴與吸金詐騙怎麼玩？,系列主題,黃國昌-通識課,黃國昌
2023/06/08,https://youtu.be/YyVdqwkBC9I?si=UqtYKIVMxazIB_P7,【直播精華】當不懂商事法的議員遇上美國矽谷海歸律師市長？情況從糟糕變成難以理解！,系列主題,黃國昌-通識課,黃國昌
2023/06/04,https://www.youtube.com/watch?v=wGTL5hL-LSI,Filian證實了貓確實是有9條命的【VTuber中文】【Filian/Layna】,休閒牧場,Vtuber|這是什麼酷酷的東西,山寨猫 Copy Cat
2023/06/04,https://www.youtube.com/watch?v=dteZJxr8lHU,【POE劇情】異界輿圖系列（2）-瓦爾多與黃金製圖儀丨PathofExileAltasLoreSeries2-ValdoCaeserius&MapDevice,休閒牧場|poe流亡暗道,故事劇情|ACG同好會,EKwow聊劇情
2023/06/01,https://youtu.be/zzDZWBmiIgI?si=AgKGcfoEOhnvAtoR,【直播精華】坐牢課幾單可以用手機？少年昌哥火力全開、中年昌叔嗚嗚！不過台主BAN人也太隨BAN了吧,系列主題,黃國昌-通識課,黃國昌
2023/05/30,https://www.youtube.com/watch?v=jERJS7vpqQA,【POE劇情】異界輿圖系列（1）-《人聲配音》尊師的起源與封印丨PathofExileAltasLoreSeries1-HistoryoftheElder,休閒牧場|poe流亡暗道,故事劇情|ACG同好會,EKwow聊劇情
2023/05/29,https://www.youtube.com/live/SdMnk_gTxuk?si=Y5Cgi0zNH3lfrmaY,【國昌直播】看看上週立法院在做什麼_0529,系列主題,黃國昌-通識課,黃國昌
2023/05/25,https://youtu.be/32w6NQzxFxY?si=Gxg5Q2-ZsLdqDCwT,【直播精華】開箱詐騙主嫌行頭：手戴AP錶、腳踩麥拉倫！國營事業用人唯親？,系列主題,黃國昌-通識課,黃國昌
2023/05/25,https://www.youtube.com/watch?v=ZibBkgZB8W8,【霸軒】邊緣人VS萬人迷｜ft.LINEWEBTOON｜霸軒廣播電台#67,休閒牧場,休閒牧場,霸軒日常短片
2023/05/22,https://youtu.be/Q9sBQ5P5aAA?si=IYrb98agnS6KYunM,現在好萊塢反派劇本都愛這麼寫✍🏻HowHollywoodWritesVillainsnow|StevenHe官方中文翻譯,休閒牧場,這是什麼酷酷的東西,Steven He官方中文頻道
2023/05/22,https://www.youtube.com/live/MtJwgx4gFNE?si=T_V71DIGrzSEBGq4,【國昌直播】看看上週立法院在做什麼_0522,系列主題,黃國昌-通識課,黃國昌
2023/05/19,https://www.youtube.com/watch?v=SKrUw_gL054,[동방프로젝트-Touhou]니하오냥유카리,☯東方Project,同人,Mirae Somang
2023/05/19,https://www.youtube.com/watch?v=2uVG3ztMl50,【霸軒】靠北老闆大會｜霸軒廣播電台#66,休閒牧場,休閒牧場,霸軒日常短片
2023/05/18,https://youtu.be/SmgoFkKxius?si=9YoXFczZLCHegIBF,【直播精華】粉紅泡泡超標！浪漫na~老師說要質詢就要把人問到骨折！？feat.@hance63黃暐瀚,系列主題,黃國昌-通識課,黃國昌
2023/05/15,https://www.youtube.com/live/_avHvr47Vt8?si=1gmsp3VXq_5EUNM7,【國昌直播】來看看新北市議會在做什麼？feat.@hance63黃暐瀚,系列主題,黃國昌-通識課,黃國昌
2023/05/11,https://youtu.be/fU1k9NWJASY?si=Dl_6FRmYwTbseGOz,【直播精華】im.B吸金詐騙案！P2P平台管理曾經寫在施政報告裡？老師美妙的歌聲~才不需要伴奏呢！,系列主題,黃國昌-通識課,黃國昌
2023/05/08,https://www.youtube.com/live/tzJPe9TpYYs?si=oMcqtSFFnVGIJ1YJ,【國昌直播】看看上週立法院在做什麼_0508,系列主題,黃國昌-通識課,黃國昌
2023/05/04,https://youtu.be/urb7Y3MuRaw?si=kRISPYva1cZIRIb4,【直播精華】老牌英式民主的國會氣氛如何？Yeah—！老師自稱很少找人辯論？小編直呼：不要瞎掰好嗎？,系列主題,黃國昌-通識課,黃國昌
2023/05/01,https://www.youtube.com/live/aq57g0skRA8?si=A5XhOvjtI3N7Iovu,【國昌直播】看看上週立法院在做什麼_0501｜為了國昌老師唱歌，小編下單了酷東西,系列主題,黃國昌-通識課,黃國昌
2023/04/27,https://youtu.be/2UaZX6BUUh4?si=pHZ5oJQezV3Xk2GF,【直播精華】哇酷哇酷！來看看美國國會在幹嘛，結果考察到美式咆嘯？要確定欸,系列主題,黃國昌-通識課,黃國昌
2023/04/24,https://www.youtube.com/live/suJYfJUcViw?si=8TiJhPoufUmfAJzt,【國昌直播】看看上週立法院在做什麼_0424｜今天來講點巷仔內的,系列主題,黃國昌-通識課,黃國昌
2023/04/20,https://youtu.be/DasCrXFWpHk?si=4F7spyJxNKkm036e,【直播精華】凱莉抖內、差點放送事故！首位咆哮認證的立委＋＜＞＜！詐騙首腦重判6個月！,系列主題,黃國昌-通識課,黃國昌
2023/04/17,https://www.youtube.com/live/HnlfjITDDZg?si=qTQaosnvVOdFKRcV,【國昌直播】看看上週立法院在做什麼_0417｜聊聊：詐騙、《道交條例》修正、就業安定基金,系列主題,黃國昌-通識課,黃國昌
2023/04/17,https://www.youtube.com/live/HnlfjITDDZg?si=k1g4fzlhL-og4ip7,【國昌直播】看看上週立法院在做什麼_0417｜聊聊：詐騙、《道交條例》修正、就業安定基金,系列主題,黃國昌-通識課,黃國昌
2023/04/13,https://youtu.be/qnVVOFNpXjo?si=iOVvir9Z8XnNzEpO,【直播精華】前黃牛獨家受訪，實務經驗分享！黃牛好賺為什麼不做了？修法能遏止搶票歪風嗎？feat.前黃牛先生,系列主題,黃國昌-通識課,黃國昌
2023/04/10,https://www.youtube.com/live/cskG3nfWXjs?si=6Y2Xm23H1Fy3kGcT,【國昌直播】看看上週立法院在做什麼_0410｜連線前黃牛,系列主題,黃國昌-通識課,黃國昌
2023/04/02,https://www.youtube.com/watch?v=5ekJ79FOjyQ,東京之旅Day1差點就搭不到飛機/鴨to蔥拉麵/雷門/隅田川步道/晴空塔,休閒牧場,休閒牧場,鼻妹Bimay
2023/03/30,https://youtu.be/c1jfWLqmtDk?si=JqSZbVfoQZF4WRlw,【直播精華】那些曾經無人知曉的關係，八十八槍的起源？＆立院表揚特輯,系列主題,黃國昌-通識課,黃國昌
2023/03/27,https://www.youtube.com/live/RpBacwA1hVc?si=QnUWqWlLSytBIKYT,【國昌直播】看看上週立法院在做什麼_0327,系列主題,黃國昌-通識課,黃國昌
2023/03/23,https://youtu.be/FI5WtEFujFY?si=D3XRK-FXcfIQQXf7,【直播精華】大方公開！我的D槽精選！開台以來最硬派推理解謎？,系列主題,黃國昌-通識課,黃國昌
2023/03/20,https://www.youtube.com/watch?v=jGIWTgHT3AM,【國昌直播】看看上週立法院在做什麼_0320,系列主題,黃國昌-通識課,黃國昌
2023/03/16,https://youtu.be/aOLxVehFQsA?si=qqBbizIJQm8eyeIc,【直播精華】緊張囉！漁電共生的弊案小釣手開課溜,系列主題,黃國昌-通識課,黃國昌
2023/03/14,https://www.youtube.com/watch?v=DAYtwNxh97I,shortpreviewofSakuya&Youmu,休閒牧場|☯東方Project,ACG同好會|同人,minusT
2023/03/13,https://www.youtube.com/live/xW9NX9J63dA?si=1O8HFsRqONhcj4FD,【國昌直播】看看上週立法院在做什麼_0313,系列主題,黃國昌-通識課,黃國昌
2023/03/09,https://youtu.be/dDjHdnFcE9k?si=5JeMn2MCeqYAs49c,【直播精華】一覺醒來，好多人不能參選了？跟大鵬主委好聲好氣、轉頭跟小編沒完沒了！,系列主題,黃國昌-通識課,黃國昌
2023/03/06,https://www.youtube.com/live/XpSxTNJG89s?si=9L-a3aRLmuVsqoEu,【國昌直播】看看上週立法院在做什麼_0306,系列主題,黃國昌-通識課,黃國昌
2023/03/02,https://youtu.be/bnIjgRXUPUc?si=HAL2pohHiuCj-nyn,【直播精華】召委選舉水很深？4黨立委輪番上陣，意外揭露新聞製造鏈！課後質詢ChatGPT？feat.ChatGPT,系列主題,黃國昌-通識課,黃國昌
2023/02/28,https://www.youtube.com/watch?v=T2mgx9rf_vo,害羞的Kobo自彈自唱原創的老鼠生日歌！直接現場寫歌還唱得超好聽的！【HakosBaelz】【KoboKanaeru】【Hololive中文精華】,休閒牧場,Vtuber,單推的DD烤肉Man
2023/02/27,https://www.youtube.com/watch?v=L1G4C0HuabI,【國昌直播】看看上週立法院在做什麼_0227,系列主題,黃國昌-通識課,黃國昌
2023/02/23,https://youtu.be/op9F46VPe8E?si=J4RI4HpyF5uYu66-,【直播精華】開箱丁特判決書！手遊大課長帶小菜雞上天堂追打翹課學生！？feat.@Dinterlolz,系列主題,黃國昌-通識課,黃國昌
2023/02/20,https://www.youtube.com/watch?v=ANX2KtJK3QI,【國昌直播】400萬的轉蛋：今晚和丁特一起復盤feat.@Dinterlolz,系列主題,黃國昌-通識課,黃國昌
2023/02/16,https://youtu.be/-5TcVXyQkrE?si=-T8bdnEnuKREaz5s,【直播精華】等待開議第二週，繼續回顧那些年承諾要過的法案,系列主題,黃國昌-通識課,黃國昌
2023/02/13,https://www.youtube.com/watch?v=zQTAKmnuEtM,【國昌直播】那些年說好要過的法案_0213,系列主題,黃國昌-通識課,黃國昌
2023/02/12,https://www.pixiv.net/artworks/105481259,[2023/02/12]塗鴉紓壓,《燕侍》,練習紀錄
2023/02/09,https://youtu.be/rVLl_L4RaB0?si=7H61SplwiSN9907H,【直播精華】當休會成為事實，複習就是義務。,系列主題,黃國昌-通識課,黃國昌
2023/02/06,https://www.youtube.com/watch?v=M-oKiBj84C8,【國昌直播】那些年說好要過的法案,系列主題,黃國昌-通識課,黃國昌
2023/02/05,https://www.youtube.com/watch?v=v9vL2M2G_aA,【老師雞脫口秀】一起回顧十年前的瘦版歐耶｜2013愛玩脫口秀歐耶Part完整版｜老師雞懷舊回顧系列,休閒牧場|人生哲學,這是什麼酷酷的東西,歐耶老師
2023/02/02,https://youtu.be/YLCplqZgMhw?si=MA-EI_c_0v_D3f4b,【直播精華】感謝大家！本台抖內超徵啦（但不會發現金給各位...）,系列主題,黃國昌-通識課,黃國昌
2023/01/30,https://www.youtube.com/watch?v=m5ibgdPtSh8,來看看上週立法院在做什麼_0130,系列主題,黃國昌-通識課,黃國昌
2023/01/26,https://www.pixiv.net/artworks/104814106,[2023/01/26]塗鴉紓壓,《燕侍》,練習紀錄
2023/01/23,https://www.youtube.com/watch?v=m_RWwZCbiuE,【完整版】柯文哲夫婦比肩坐大位之路老實說20230123【柯文哲、陳佩琪】,系列主題,柯文哲,大雲時堂
2023/01/22,https://www.youtube.com/watch?v=FpiJmhOfPEI,BocchiandNijikaplayCSGO,休閒牧場,ACG同好會,Yurisa
2023/01/21,https://www.youtube.com/watch?v=COrRN9hFEJE,《單車戰術12》-隊車如何在後方偷偷幫選手加速｜自行車賽｜個人計時賽｜FilippoGanna｜RemcoEvenepoel｜UCI｜RichardKelso｜BertBlocken,休閒牧場|學術領域,體育運動|泛科普教育,喂我阿維
2023/01/19,https://youtu.be/YYG5n0_0s8k?si=kyRBSi1q0gaoJndf,【直播精華】我監督你的監督？和網友一起審總預算,系列主題,黃國昌-通識課,黃國昌
2023/01/16,https://www.youtube.com/watch?v=udn1eJ4etSo,來看看上週立法院在做什麼_0116,系列主題,黃國昌-通識課,黃國昌
2023/01/16,https://www.youtube.com/watch?v=LFaJOwJq0-s,【老師雞脫口秀】歐耶老師教你不明覺厲大師回應法｜卡米地喜劇周末夜Part2,休閒牧場,這是什麼酷酷的東西,歐耶老師
2023/01/12,https://youtu.be/m1kIFY_rBWA?si=viSfdasZve7hbfql,【直播精華】《菸害防制法》、總預算：這一集有點傷感情,系列主題,黃國昌-通識課,黃國昌
2023/01/09,https://www.youtube.com/watch?v=-l5zdR07Y54,來看看上週立法院在做什麼_0109,系列主題,黃國昌-通識課,黃國昌
2023/01/08,https://www.youtube.com/watch?v=0Von5xwQDgA,為什麼人類不騎斑馬?獅子不幫人類看家動物是怎麼被馴化的?【馴化的歷史】,休閒牧場,休閒牧場,cheap
2023/01/07,https://www.youtube.com/watch?v=xJOUIe8Bc8Q,[2023/01/07]藏身處-莊嚴之室,《燕侍》|poe流亡暗道,休閒日常|藏身處
2023/01/06,https://www.youtube.com/watch?v=Q8_Z9y-kYTk,【最終幻想7：核心危機-重製版】4K電影剪輯版-🌟完整劇情、🎥擬真式運鏡(最佳代入感)、🚫無搜刮畫面-FF7CrisisCore-Reunion重聚-Semenix出品,休閒牧場,ACG同好會,Semenix Gaming
2023/01/05,https://youtu.be/8jQ2cwmdUz8?si=Xcki2n4JqS9n5dfz,【直播精華】2023新年快樂！開會摸魚大解析,系列主題,黃國昌-通識課,黃國昌
2023/01/02,https://www.youtube.com/watch?v=6U4mGHFE2nY,來看看上週立法院在做什麼_0102,系列主題,黃國昌-通識課,黃國昌
2022/12/29,https://youtu.be/j_7siUuMWU8?si=kpLrgN9XaQOpSWNk,【直播精華】不好意思，我又講到太激動了⋯⋯,系列主題,黃國昌-通識課,黃國昌
2022/12/29,https://www.youtube.com/watch?v=qnh-Thlmd0c,【精選】柯P卸任披白袍重返台大！葉克膜挽救「無心人」讓他看透生死【@ebcapocalypse｜洪培翔】,系列主題,柯文哲,台灣啟示錄
2022/12/28,https://youtu.be/qNan7CJ3Z6M,ZUNさん×まらしぃさんピアノ連弾,☯東方Project,博麗神主ZUN,ビートまりお / COOL&CREATE
2022/12/26,https://www.youtube.com/watch?v=NTkc2nUavwA,【國昌直播】看看上週立法院在做什麼_1226直播,系列主題,黃國昌-通識課,黃國昌
2022/12/23,https://www.youtube.com/watch?v=78GHBki3Y-M,初心者と上級者とプロと神と厄災の違い　総集編【ブレワイ】,休閒牧場,ACG同好會|薩爾達傳說曠野之息,ろしねこくん
2022/12/22,https://youtu.be/tFMYZ0oqLFw?si=8EfLARB0wuPlEUo1,【直播精華】世足賽踢完後就輪到國會盃足球賽了,系列主題,黃國昌-通識課,黃國昌
2022/12/19,https://www.youtube.com/watch?v=6e5exY03dEQ,【國昌直播】看看上週立法院在幹嘛,系列主題,黃國昌-通識課,黃國昌
2022/12/16,https://youtu.be/PqjE0vXtwiY?si=lzi33x-w3ZnsVwcI,【直播精華】黃國昌化身偵探小黃復盤上週立法院在幹嘛,系列主題,黃國昌-通識課,黃國昌
2022/12/16,https://www.youtube.com/watch?v=X9y_NfWdm_U,鬼抓人,poe流亡暗道|《燕侍》,休閒日常
2022/12/16,https://www.youtube.com/watch?v=t4BrGuqlLBA,一秒16刀,poe流亡暗道|《燕侍》,休閒日常
2022/12/11,https://www.youtube.com/watch?v=PDL0xTD8tN0,【國昌直播】來看一下這週立法院在做什麼,系列主題,黃國昌-通識課,黃國昌
2022/12/09,https://www.youtube.com/watch?v=_vsre0XPPo0,俄羅斯方塊已死...?2022世界大賽到底發生了什麼事?,休閒牧場,ACG同好會,啾啾鞋
2022/12/01,https://youtu.be/9wQfTudeNOY,🔴Live【誰來Talk館】第五十六集|憤怒⼭羌！⿊道治國！|⿊道⽩道都是我的⼈，怎麼和我⾾？|feat.黃國昌,系列主題,黃國昌-通識課|陳之漢-義士,館長惡名昭彰
2022/11/18,https://www.youtube.com/watch?v=C4-WSBUoHtw,Subaruduckflippedover|Animalhololive,休閒牧場,Vtuber|這是什麼酷酷的東西,Pok pok
2022/11/13,https://www.youtube.com/watch?v=S_8rTIn8y0M,「星海菜雞」我也來運營-九陽神功第三重至陽熱氣,休閒牧場,ACG同好會,JoeyGame
2022/11/13,https://www.youtube.com/watch?v=rW18g2z_SD4,廚神當道S12(中)｜一路殺到決賽的超級黑馬！上季居然名次墊底？全明星賽最讓人意想不到的超級新星！｜廚神當道Backtowin｜PSYMAN塞門,休閒牧場,休閒牧場,Psyman 塞門
2022/11/12,https://www.youtube.com/watch?v=StOICfZXnyU,百百種台灣店家觀察Part3,休閒牧場,休閒牧場,鼻妹Bimay
2022/11/12,https://www.youtube.com/watch?v=Q5shEEggd7w,「星海菜雞」三開運營蟲學一場(網友投稿),休閒牧場,ACG同好會,JoeyGame
2022/11/10,https://www.youtube.com/watch?v=JCF5ZtRyQz4,「星海菜雞」把雷獸遁地獸當不朽執政官的蟲族(網友投稿),休閒牧場,ACG同好會,JoeyGame
2022/11/07,https://www.youtube.com/watch?v=sokAl0WDFOQ,为何燕子喜欢在人类屋檐下筑巢？燕子来家里搭窝，是好还是坏？,學術領域,生物學,科学早班机
2022/10/11,https://www.youtube.com/watch?v=1W7i5HqqQYM,【POE劇情】（下集）流亡黯道3.19卡蘭德聯盟背景故事解說丨PathofExileLoreSeries-3.19LakeofKalandraLeague,休閒牧場|poe流亡暗道,故事劇情|ACG同好會,EKwow聊劇情
2022/10/09,https://www.youtube.com/watch?v=305Uc8i5RJM,DetectiveDiaries|HololiveAnimation,休閒牧場,ACG同好會|Vtuber,Crash Landing Studios
2022/10/06,https://youtu.be/x-T_PbPSKmQ,小時候最後悔的事｜霸軒廣播電台#48｜FT微疼｜直播精華｜Podcast,休閒牧場|人生哲學,這是什麼酷酷的東西|人生哲學|戀愛研究院,霸軒與小美 Baxuan & Mei
2022/09/30,https://www.youtube.com/watch?v=iP4TCHezBsI,【POE劇情】（上集）流亡黯道3.19卡蘭德聯盟背景故事解說丨PathofExileLoreSeries-3.19LakeofKalandraLeague,休閒牧場|poe流亡暗道,故事劇情|ACG同好會,EKwow聊劇情
2022/08/28,https://www.youtube.com/watch?v=fqhZy7cpF8A,服務業暴怒日常｜霸軒賣早餐的故事｜霸軒與小美Baxuan&Mei,休閒牧場,這是什麼酷酷的東西,霸軒與小美 Baxuan & Mei
2022/08/17,https://youtu.be/6so-9x6x6L4,【國昌直播】新竹農村重劃煉金術大解密,系列主題,黃國昌-通識課,黃國昌
2022/07/08,https://www.pixiv.net/artworks/99588327,[2022/07/08]臨摹,《燕侍》,練習紀錄
2022/05/28,https://www.youtube.com/watch?v=_y1xIk96ATE,小時候離家出走的故事｜ft.@微疼｜霸軒與小美Baxuan&Mei,休閒牧場,這是什麼酷酷的東西,霸軒與小美 Baxuan & Mei
2022/04/21,https://www.pixiv.net/artworks/97770075,[2022/04/21]2021_10_30,《燕侍》,練習紀錄
2022/04/15,https://youtu.be/uPB5eisUN4I?si=TmrS4_NvDrB7zKfg,【柯P老實說】誰說財政紀律不可能實現？藍綠不做，交給民眾黨來做！｜20220409華山論壇台北場,系列主題,柯文哲-先行者,柯文哲
2022/04/09,https://www.youtube.com/watch?v=X5gx0cYdSY0,【艾爾登法環】4K電影剪輯版(後篇)-全BOSS收錄、不喝血瓶、不召幫手、主支線全解(最完整劇情路線)、全結局收錄-EldenRing-Semenix出品,休閒牧場,ACG同好會,Semenix Gaming
2022/04/08,https://www.youtube.com/watch?v=zfyIGCUQqNQ,【英雄聯盟】韓服菁英伊瑞IRELKING單殺ShowMaker非人類光速連招(EnglishSubtitle)BESTIreliaKR|INHUMANCOMBOMONTAGE,休閒牧場,ACG同好會,英雄俱樂部 FriesBro
2022/04/01,https://youtu.be/ltbTcWmwZEY?si=byepoTGAx39C3Xls,【柯P老實說】妙喻！「兩黨輪流爬樹露紅屁股」柯文哲：確信2024政黨再輪替！｜20220326華山論壇台中場,系列主題,柯文哲-先行者,柯文哲
2022/03/27,https://www.pixiv.net/artworks/97208530,[2022/03/27]漫畫-散文-2021_11_19,《燕侍》,練習紀錄
2022/03/17,https://www.youtube.com/watch?v=tSqDN88sAcw,以前的燕子窝底下干干净净，如今却全是粪便，这是为什么？,學術領域,生物學,星球课堂
2022/03/12,https://www.youtube.com/watch?v=IYLkYb6u2XE,【艾爾登法環】4K電影剪輯版(前篇)-全BOSS收錄、不喝血瓶、不召幫手、無搜刮畫面、主支線全解(最完整劇情路線)-EldenRing-Semenix出品,休閒牧場,ACG同好會,Semenix Gaming
2022/03/08,https://www.youtube.com/watch?v=72x1M9uEqEc,我以為他下棋能贏的,休閒牧場,這是什麼酷酷的東西,三花麻葉
2022/03/08,https://www.youtube.com/watch?v=2sfAq_OxjSA,老兄可不是廖北阿,休閒牧場,這是什麼酷酷的東西,三花麻葉
2022/02/09,https://www.youtube.com/watch?v=ueVUX7CzdWE,[2022/02/09]阿福快打-影片剪接練習,《燕侍》,休閒日常
2022/01/27,https://youtu.be/xwE8wyMSk_M?si=Vj9CkYa81GKnA8Xz,【POE劇情】流亡黯道瓦爾克拉斯大陸簡史丨PathofExileLoreSeries-AbriefhistoryofWraeclast,休閒牧場|poe流亡暗道,故事劇情|ACG同好會,EKwow聊劇情
2022/01/07,https://www.youtube.com/watch?v=WssAAmi3JQg,小智到底有多變態？帶你一次看完智爺做過的超神舉動！就連神獸都害怕他,休閒牧場,這是什麼酷酷的東西,BIG BIGGG
2021/12/24,https://www.pixiv.net/artworks/94986271,[2021/12/24]本人繪型,《燕侍》,練習紀錄
2021/12/17,https://www.youtube.com/watch?v=2AyFq8mw8h0,【最後一戰：無限】4K電影剪輯版-無介面、特效全開、電影式運鏡-HaloInfinite-光环：无限-Semenix出品,休閒牧場,ACG同好會,Semenix Gaming
2021/12/01,https://www.youtube.com/watch?v=Hba_9MONRtM,【POE教學】中文版POB下載&編年史POB匯入教學,POE流亡暗道,教學攻略,賴阿奇（阿奇）
2021/11/01,https://youtu.be/8FKD8G004Tg,MedusatributeFateamv(MadWorld-WithinTemptation),Fate/Grand Order|休閒牧場,ACG同好會,ToVo
2021/11/01,https://www.youtube.com/watch?v=8FKD8G004Tg,MedusatributeFateamv(MadWorld-WithinTemptation),休閒牧場,ACG同好會,ToVo
2021/10/31,https://www.pixiv.net/artworks/93812943,[2021/10/31]概念測試,《燕侍》,練習紀錄
2021/10/27,https://www.pixiv.net/artworks/93719518,[2021/10/27],《燕侍》,練習紀錄
2021/10/21,https://www.youtube.com/watch?v=EaDPE3D4mN4,【POE劇情】流亡黯道瓦爾克拉斯大陸簡史(NPC配音版)丨PathofExileLoreSeries-AbriefhistoryofWraeclast(NPCsAudio),休閒牧場|poe流亡暗道,故事劇情|ACG同好會,EKwow聊劇情
2021/10/20,https://www.youtube.com/watch?v=ggzoyLNZ6mg,【POE3.16】有流亡優點還不吃效能的遊戲！POB入門教學！新手最好也要學一下啦【Change】,POE流亡暗道,教學攻略,Change
2021/10/15,https://www.pixiv.net/artworks/93463135,[2021/10/15],《燕侍》,練習紀錄
2021/10/13,https://www.youtube.com/watch?v=f-sRcVkZ9yg,"HowtoRecycleWasteWaterUsingPlants,學術領域,建築學|生物學,Andrew Millison
2021/10/08,https://www.pixiv.net/artworks/93311254,[2021/10/08]概念測試,《燕侍》,練習紀錄
2021/10/05,https://www.youtube.com/watch?v=GGbofTUuP8M,【POE劇情】流亡黯道3.13邪靈祭祀聯盟背景故事解說丨PathofExileLoreSeries-3.13RitualLeague,休閒牧場|poe流亡暗道,故事劇情|ACG同好會,EKwow聊劇情
2021/10/01,https://www.pixiv.net/artworks/93142338,[2021/10/01]概念測試,《燕侍》,練習紀錄
2021/09/30,https://www.youtube.com/watch?v=RSwT81ivS6s,母鴨帶小鴨,休閒牧場,這是什麼酷酷的東西,三花麻葉
2021/09/24,https://www.pixiv.net/artworks/92972707,[2021/09/24]概念測試,《燕侍》,練習紀錄
2021/09/19,https://www.youtube.com/watch?v=-CLThnphAoY,【POE劇情】流亡黯道3.15死境探險聯盟背景故事解說丨PathofExileLoreSeries-3.15ExpeditionLeague,休閒牧場|poe流亡暗道,故事劇情|ACG同好會,EKwow聊劇情
2021/09/17,https://www.pixiv.net/artworks/92809924,[2021/09/17],《燕侍》,練習紀錄
2021/09/16,https://www.youtube.com/watch?v=V82HCGTSrRY,媽媽跟狗兒子們,休閒牧場,這是什麼酷酷的東西,三花麻葉
2021/09/16,https://www.youtube.com/watch?v=j5hbcKhylCU,虚人園,休閒牧場,這是什麼酷酷的東西,志茂浩和
2021/08/30,https://www.pixiv.net/artworks/92369547,[2021/08/30]概念測試,《燕侍》,練習紀錄
2021/08/22,https://www.pixiv.net/artworks/92178241,[2021/08/22]#黑歷史 #練習 #建築,《燕侍》,練習紀錄
2021/08/22,https://www.pixiv.net/artworks/92177843,[2021/08/22]#黑歷史 #練習 #車,《燕侍》,練習紀錄
2021/08/22,https://www.pixiv.net/artworks/92176496,[2021/08/22]#黑歷史 #練習,《燕侍》,練習紀錄
2021/08/21,https://www.pixiv.net/artworks/92160760,[2021/08/21]#黑歷史#練習#,《燕侍》,練習紀錄
2021/08/21,https://www.pixiv.net/artworks/92158735,[2021/08/21]#黑歷史#練習#2D,《燕侍》,練習紀錄
2021/08/21,https://www.pixiv.net/artworks/92157637,[2021/08/21]黑歷史,《燕侍》,練習紀錄
2021/08/13,https://www.youtube.com/watch?v=e7k7kD8CNBU,《戰神：崛起》(GodofWar:Ascension)中文劇情,休閒牧場,ACG同好會,YOW逍遙遊
2021/07/06,https://www.youtube.com/watch?v=G5cfeMpJG1Q,現在的年輕人齁,休閒牧場,這是什麼酷酷的東西,三花麻葉
2021/06/30,https://www.youtube.com/watch?v=bvD-qLfTcHk,貓貓鬧雙胞，我也挺驚嚇的,休閒牧場,這是什麼酷酷的東西,三花麻葉
2021/05/30,https://www.youtube.com/watch?v=4s70HBXspno,【心理測驗遊戲？】八個結局，一個隱藏結局和一個開放式結局！受困電梯之謎！各種問題的答案，背後的世界觀到底是什麼？！,休閒牧場,ACG同好會,我是漂流
2021/04/12,https://youtu.be/wdv0WWGtZRA,🥛,休閒牧場,這是什麼酷酷的東西,もりもり
2021/01/20,https://youtu.be/dcOwj-QE_ZE?si=mM4bpzc_zviUuTbq,永遠是深夜有多好。–幽暗漆黑MusicVideo(ZUTOMAYO–DARKEN),音樂收藏,中層,ずっと真夜中でいいのに。 ZUTOMAYO
2021/01/13,https://youtu.be/yvqA1WE2Rdw,【柯P老實說.EP13】我們要留下什麼樣的台北給下一代？把過去十年沒人要做的事做好｜遠見高峰會演講,系列主題,柯文哲-先行者,柯文哲
2020/11/25,https://www.youtube.com/watch?v=VrYIpF-Q8Bo,【柯P老實說.EP12】我在生離死別之間學到的事，世間的成功與失敗要怎麼分辨｜20200911高雄女中演講,系列主題,柯文哲-先行者,柯文哲
2020/10/08,https://www.youtube.com/watch?v=X2f69wBuOHA,"PoERemix:SisterCassia,DiscoNun-DivinePOWAH!-[PathofExileMemeSong]",POE流亡暗道,二創同人,Lolcohol
2020/08/08,https://youtu.be/PhWWkcK-3wI,【最終幻想7：重製版】4K電影剪輯版(後篇)-零收集、電影式運鏡、完整劇情-FF7:RE-FinalFantasyVII:REMAKE-太空戰士7：重製版-Semenix出品,休閒牧場,ACG同好會,Semenix Gaming
2020/08/07,https://youtu.be/dWvJvjGjNCE,【最終幻想7：重製版】4K電影剪輯版(前篇)-零收集、電影式運鏡、完整劇情-FF7:RE-FinalFantasyVII:REMAKE-太空戰士7：重製版-Semenix出品,休閒牧場,ACG同好會,Semenix Gaming
2020/07/23,https://www.youtube.com/watch?v=Q31a0cpu5kg,POE-POBVer.Fork(PathofBuildingFork)軟體介紹/新手老手都不要錯過！上班神物【低欸死】,POE流亡暗道,教學攻略,DS 低欸死
2020/07/23,https://www.youtube.com/watch?v=nZeFQhptOMk,EKSU-47,休閒牧場|Fate/Grand Order,這是什麼酷酷的東西|ACG同好會,Candra Keyframe
2020/06/02,https://www.youtube.com/watch?v=AJuIDOqxNPM,【一間倉庫】擅闖民宅還亂大便?!EVA接噗噗器(鳥屎)/片尾有世界遺產/燕子築巢怎麼辦/EVA切割製作EVA bird dropping device/cutting production,學術領域,生物學,禾一空間
2020/05/18,https://www.youtube.com/watch?v=s50vvwTystA,CuteLambNeedsAttention,休閒牧場,這是什麼酷酷的東西,Lee Walters
2019/03/22,https://www.youtube.com/watch?v=KQfwkHODvjI,【柯P老實說.EP2】負面的力量，終究不能讓一個國家偉大！｜20190317柯文哲紐約大學演說,系列主題,柯文哲-先行者,柯文哲
2018/08/06,https://www.pixiv.net/artworks/70058458,[2018/08/06],《燕侍》,練習紀錄
2018/07/26,https://youtu.be/F845MOydfec?si=65irrvA1_JCGEO31,【MMD】UnknownMother-Goose-YYB式初音ミク,音樂收藏,中層,Zookin
2018/05/20,https://youtu.be/UGa8eReR_ns?si=dDSPgHGM6gT5Mjpp,CliffSide|卡通系列先導片,休閒牧場,ACG同好會,Liam Vickers Animation
2018/05/19,https://youtu.be/v4G5e-UaO3c?si=Na0ahM3vV5mxSq94,如果還有下輩子，我會繼續聽你做的音樂。電音才子Avicii的故事Part.2(End),音樂收藏,音樂探討,I.C Charlie
2018/05/03,https://youtu.be/Nbu_j_a8Kpo,【戰神】(2018)7小時電影剪輯版-中文完整版-PS4Pro劇情電影2K60FPS-战神4-GODOFWAR4AllCutscenesMovie(GameMovie),休閒牧場,ACG同好會,Semenix Gaming
2018/04/20,https://www.youtube.com/watch?v=XclPhP6dbbw,PS4戰神3GodofWarIII中文劇情剪輯,休閒牧場,ACG同好會,GoodLuck
2018/03/19,https://www.youtube.com/watch?v=F8vIXzSH-js,【東方偶像鄉MMD】踢館,休閒牧場|☯東方Project,ACG同好會|同人,9bluewind9
2018/01/28,https://youtu.be/QrEfHZRRsbM?si=EFg-3A2oTQip-sOp,20180128【812】MIT台灣誌聖稜線！探險台灣十五年加利山頂臥看聖稜霞光,"台灣[Taiwan],休閒牧場|社會學院,台灣[Taiwan]|體育運動,鳳雩晞風
2018/01/25,https://www.youtube.com/watch?v=5cA6c7DTLpI,寂寞男子買吸塵器解決需求，被店員警告老二會被吸斷(中文字幕),休閒牧場,這是什麼酷酷的東西,B.C.&Lowy
2017/09/21,https://www.youtube.com/watch?v=27I4Vq5YIpk,羅比威廉斯分享扯到爆的豔遇故事，超狂神展開讓同台來賓聽到崩潰(中文字幕),休閒牧場,這是什麼酷酷的東西,B.C.&Lowy
2017/09/18,https://www.youtube.com/watch?v=6k-ywVYdAsg,網球女將贏得美網冠軍後受訪，不打官腔的真心話回答讓人笑翻(中文字幕),休閒牧場,這是什麼酷酷的東西,B.C.&Lowy
2017/09/06,https://www.youtube.com/watch?v=65nfbW-27ps,每天一張自拍-12歲到結婚,休閒牧場,這是什麼酷酷的東西,Hugo Cornellier
2017/04/25,https://www.youtube.com/watch?v=Q-pwoX_n8WQ,黑人之間的種族歧視！單口喜劇有英國腔的黑人中文字幕,休閒牧場,這是什麼酷酷的東西,Albert Susko
2016/03/02,https://www.youtube.com/watch?v=KqqPHK8dJbg,[2016/03/02]短片01,《燕侍》,休閒日常
2016/01/05,https://www.youtube.com/watch?v=_51Nj8SQDhk,[2016/01/05]球體彈跳練習0000 0130,《燕侍》,練習紀錄
2015/09/22,https://www.pixiv.net/artworks/52658424,[2015/09/22]練習 笨蛋,《燕侍》,練習紀錄
2015/08/29,https://www.pixiv.net/artworks/52254510,[2015/08/29]練習Weiss Schnee,《燕侍》,練習紀錄
2015/08/14,https://www.pixiv.net/artworks/51967662,[2015/08/14]隨手作,《燕侍》,練習紀錄
2015/08/14,https://www.pixiv.net/artworks/51967656,[2015/08/14]練習Saber,《燕侍》,練習紀錄
2015/08/14,https://www.pixiv.net/artworks/51967645,[2015/08/14]練習ココロコネクト,《燕侍》,練習紀錄
2015/08/14,https://www.pixiv.net/artworks/51967627,[2015/08/14]鳥,《燕侍》,練習紀錄
2015/07/25,https://www.youtube.com/watch?v=R9xQm1EE7eY,【中視新聞】公憤! 清潔員戳落燕子窩"1死1傷1失蹤" 20150725,學術領域,生物學,中視新聞
2015/07/21,https://youtu.be/5xKNNMz-xCM?si=sCXgXuB7cUjAbKuC,[Preview]Bassjackers-Savior(Reez&KSHMRRemix),休閒牧場,ACG同好會,Dávid Dulai
2015/05/01,https://www.youtube.com/watch?v=G5A6tXZbeCs,RWBYAMV-HappyMayDay!!xx,休閒牧場,ACG同好會,queenbee
2015/01/29,https://www.youtube.com/watch?v=kn271kr_ks0,AUSOPEN2015-DjokovicvAbramsSemi-Final,休閒牧場,這是什麼酷酷的東西,timtimfed
2015/01/21,https://www.youtube.com/watch?v=r-Sq2xpUuXM,SheWantstoDance//RWBYAMV//Thankyoufor1000+subs!!!,休閒牧場,ACG同好會,shiftychaos
2014/09/17,https://youtu.be/-vj3ULyrpt8?si=v6CJyHrj5aWbv4YZ,RWBYAMV-EndOfMyDays,休閒牧場,ACG同好會,queenbee
2014/09/17,https://www.youtube.com/watch?v=-vj3ULyrpt8,RWBYAMV-EndOfMyDays,休閒牧場,ACG同好會|RWBY,queenbee
2014/09/13,https://youtu.be/t8a4bP3MayQ?si=3z9K91iRVCo3agzi,RWBYAMV-Centuries,休閒牧場,ACG同好會,queenbee
2014/09/05,https://www.youtube.com/watch?v=69g-2pARI7E,RWBYAMV-Perfect//Collab,休閒牧場,ACG同好會|RWBY,queenbee
2014/08/10,https://youtu.be/j3IwB3C5gAA?si=1bl7iKY72TpRvSxX,東方Project|TouhouMinecraft東方マインクラフト|TouhouGensokyoProject☯3.8/4【4KUHD】❚Outdated❚,休閒牧場|☯東方Project,ACG同好會|同人,2hu 2hu
2014/04/30,https://youtu.be/rCKyJEGLBgE,TheDistantTouch,休閒牧場,ACG同好會,Jun Chen
2013/06/24,https://www.youtube.com/watch?v=I0BR3n7q7A4,【東方Project】墨韻東方-幻想鄉宣傳旅遊片⌘ᴴᴰ,休閒牧場|☯東方Project,ACG同好會,同人,Flandre Scarlet
2013/04/08,https://www.youtube.com/watch?v=L_rUXdnh948,【城市鳥類】燕子來我家｜捕捉飛行昆蟲的最佳獵手 (我們的島 第318集 2005-08-22),公共電視-我們的島
2011/09/03,https://youtu.be/GSv3nzemR3w?si=LqoLJbir90krIp62,東方非想天則ムービー「BadApple!!×東方非想天則」,休閒牧場|☯東方Project,ACG同好會|同人,th0503
2010/01/19,https://www.youtube.com/watch?v=F7qDDJ2iaVE,有隆乳.被LED照射後.會不會發光!?!?!?!?日本人真是無極限~XDD,休閒牧場,這是什麼酷酷的東西,MK Memory
2008/09/14,https://youtu.be/gJeehEbfork,打架會裝死的松鼠,休閒牧場,這是什麼酷酷的東西,j52348